cif_id,actual,predicted
mp-aaacevyd,42.0400,48.9133
mp-aaaaatsa,28.8490,32.0595
mp-aaaaaemq,8.5540,12.7822
mp-aaaabtgc,23.2760,28.1030
mp-aaacdnmi,17.2330,19.2888
mp-aaacebtr,22.9630,33.7758
mp-aaabjybl,-14.0010,3.5967
mp-aaaabond,4.7840,6.2103
mp-aaabjyhk,53.9480,37.0561
mp-aaaabdzj,15.8150,12.3982
mp-aaaaavbe,1.0730,7.8756
mp-aaacehwz,13.5790,3.8314
mp-aaaaaedp,42.4880,48.1681
mp-aaaaaehr,88.3330,66.7948
mp-aaacgina,11.2770,40.3667
mp-aaacdqtt,64.1020,43.6789
mp-aaaceasf,49.1140,34.2741
mp-aaaaaaje,42.2630,35.7734
mp-aaaaaklw,31.9300,28.0590
mp-aaaaairt,61.1910,52.5647
mp-aaacfwlj,115.0340,89.2266
mp-aaaabhzo,8.5710,25.7545
mp-aaacdxqv,3.2610,3.1544
mp-aaabqvvn,36.7960,31.8299
mp-aaacfxzy,112.2240,103.6318
mp-aaabdaoi,7.7550,10.0884
mp-aaaaarlp,30.8350,29.2496
mp-aaacgiig,76.4770,82.9203
mp-aaacdrol,20.0470,21.9804
mp-aaaaamhq,44.0760,53.2828
mp-aaaaaodz,24.8440,22.1273
mp-aaaaaloy,10.8880,19.4972
mp-aaaccsqb,-24.8590,20.2409
mp-aaaaafqz,10.5300,15.1836
mp-aaaaadwz,100.7180,83.5834
mp-aaaaarud,19.4990,36.3310
mp-aaacdnvj,19.2310,24.8436
mp-aaabqznx,97.1940,93.6573
mp-aaaaatli,47.5030,37.2812
mp-aaaaabag,30.1630,44.2252
mp-aaabgnlh,-1.5690,5.1581
mp-aaaaaeiq,8.9420,13.4637
mp-aaaaajfk,64.4900,54.4261
mp-aaacdiek,40.4290,50.4335
mp-aaaabexu,18.3980,22.6475
mp-aaaaadqw,43.7160,41.6340
mp-aaaaahce,80.5520,44.2719
mp-aaaaaoxd,145.5120,145.1788
mp-aaacdksc,27.6470,41.1246
mp-aaaaaflm,79.9300,76.3152
mp-aaaabpls,6.1270,4.8731
mp-aaaaagzz,21.6260,26.8651
mp-aaaaanfv,147.9130,124.6117
mp-aaaccsqe,-15.9920,-2.0182
mp-aaaaapov,-24.6120,54.2056
mp-aaafwmcv,3.9070,5.9576
mp-aaaaainv,62.3700,57.2730
mp-aaacfjwk,-64.2480,4.9030
mp-aaaaaaiv,110.1290,75.3877
mp-aaaabqre,80.7020,48.4639
mp-aaaabtbf,27.6910,22.6653
mp-aaabgjiw,19.9110,19.0385
mp-aaaaavqn,53.1560,41.6907
mp-aaabewqb,107.6210,98.5933
mp-aaabqzxa,94.3350,70.2639
mp-aaabxdrp,203.5120,176.5362
mp-aaaabhaf,27.8030,46.8519
mp-aaabnauh,27.0440,20.4217
mp-aaacfkye,4.4620,37.3960
mp-aaaaahmy,39.4790,38.0509
mp-aaaaadkz,14.0620,11.1699
mp-aaabgkae,48.8270,44.2393
mp-aaacdxvg,2.6250,3.8423
mp-aaabgnpm,33.9710,90.3811
mp-aaaabfnp,61.4860,46.5024
mp-aaabdays,13.9170,7.6201
mp-aaadjyvo,23.4650,20.0849
mp-aaacfwgo,68.3090,89.9310
mp-aaabgllz,38.8170,29.5686
mp-aaaaaops,8.5240,7.6162
mp-aaacfvyh,-39.1610,25.6377
mp-aaacdymu,28.6110,28.3682
mp-aaabglqj,59.8370,61.8593
mp-aaaccsqg,-11.6830,19.8968
mp-aaaaaizp,84.5740,86.6693
mp-aaaaarap,92.5810,92.4651
mp-aaaaaooq,30.7040,28.3168
mp-aaabdblz,64.4240,34.6753
mp-aaaabdfc,11.7260,14.1264
mp-aaaaaqwf,99.8990,64.4976
mp-aaaaayav,22.2590,24.6488
mp-aaaabsck,4.0150,4.2466
mp-aaaabjlr,11.5420,11.4794
mp-aaabxgqa,49.8460,50.5128
mp-aaaaauca,72.2530,63.2940
mp-aaaaaozt,65.6810,48.0588
mp-aaaaadwy,28.7710,25.0524
mp-aaabxgfq,19.8500,19.9127
mp-aaacapbk,77.9330,38.6981
mp-aaabctdv,38.3090,48.5867
mp-aaaabrdh,82.4970,77.9909
mp-aaacdxgb,44.6980,34.2283
mp-aaaabhti,23.3060,29.8751
mp-aaaaaycr,73.0350,34.9918
mp-aaabftrh,3.8830,6.7834
mp-aaaaadlc,34.6320,32.5759
mp-aaacfrjg,19.2410,12.4654
mp-aaacdihf,93.5900,90.4082
mp-aaaaands,22.5070,18.9640
mp-aaabgjbs,6.4360,5.4169
mp-aaaaaaye,23.2280,33.9531
mp-aaacqxfa,174.9860,157.9896
mp-aaacgaxn,60.2410,55.3102
mp-aaaabimb,3.7640,9.8133
mp-aaaaarwd,-70.7620,73.4405
mp-aaaaaeig,35.7760,43.4765
mp-aaaabdiy,11.7410,11.6175
mp-aaacdhnh,-10.3830,-0.7705
mp-aaabxgfo,70.6320,39.2316
mp-aaabfbco,40.8430,49.4215
mp-aaacdvzw,14.6440,17.2192
mp-aaaaacqa,122.5590,27.0102
mp-aaacfxgi,86.3070,78.5868
mp-aaabxffy,5.9170,6.7080
mp-aaabexgr,64.2380,26.3741
mp-aaabxflg,69.0860,52.1189
mp-aaabghel,5.0670,4.7683
mp-aaaceboa,33.3620,32.7364
mp-aaaaaqow,36.1680,27.6666
mp-aaaabfzd,34.3780,37.3814
mp-aaaaaizq,22.3320,10.7105
mp-aaaabdlq,59.2240,51.3113
mp-aaaaadpo,22.0120,14.7511
mp-aaaaafeu,39.4140,40.6473
mp-aaaabdrm,21.1760,39.5175
mp-aaaaahzf,55.3990,59.3311
mp-aaaabtxu,5.1370,9.0360
mp-aaacdrdp,25.9480,19.5110
mp-aaaaabsy,7.3000,10.1792
mp-aaabknac,82.1430,90.5623
mp-aaaaakgg,35.0480,37.8200
mp-aaaaabqx,11.6790,6.3677
mp-aaacdlnk,27.2200,64.8328
mp-aaaaayfq,41.4320,28.7311
mp-aaabxfux,96.5730,97.1933
mp-aaabgkmw,-20.5470,8.4079
mp-aaacdnpz,18.6840,19.4374
mp-aaaaaxvv,50.0750,52.0747
mp-aaaabouc,34.8880,55.8354
mp-aaaaabcd,17.5150,14.4981
mp-aaabxjvq,43.8210,37.4700
mp-aaabgidh,143.9710,175.3124
mp-aaaabrbr,105.4940,97.9323
mp-aaacdhym,48.3130,45.0028
mp-aaaaaccl,32.1740,18.4192
mp-aaabfjfw,29.5350,28.9439
mp-aaaabjqr,34.9710,64.8504
mp-aaaabqxv,26.7760,19.3470
mp-aaabxdre,29.3400,25.7260
mp-aaaabrxi,103.5800,100.1581
mp-aaabgiry,23.0690,27.9529
mp-aaabdbcj,39.1470,40.5288
mp-aaabgjgx,25.5360,26.1147
mp-aaabrehe,42.2220,44.3479
mp-aaaaaeou,62.9110,43.6643
mp-aaaaaydz,48.0710,33.1527
mp-aaaaaxeq,11.9170,14.6132
mp-aaaaacru,8.4530,18.6890
mp-aaacctej,-12.9680,17.8444
mp-aaaaatiq,47.3650,69.9472
mp-aaaaarww,55.5780,50.5955
mp-aaaabjqg,67.7910,63.5548
mp-aaabxiul,16.7590,16.8976
mp-aaacdpxu,68.7150,35.9582
mp-aaaabdeo,23.9570,24.7287
mp-aaaaaswc,40.6260,43.0853
mp-aaabgmqa,88.0880,102.7510
mp-aaabxhim,23.4050,33.3710
mp-aaaaafmz,90.6440,91.4353
mp-aaacgafd,56.4370,36.9891
mp-aaaaagit,61.7860,44.1626
mp-aaaabfcw,27.1790,46.3927
mp-aaacgoup,88.2330,53.7852
mp-aaaabirg,18.4650,16.7976
mp-aaacfrjy,11.1310,10.2845
mp-aaaaactl,15.0060,21.0636
mp-aaabxias,83.7760,69.7287
mp-aaabfazx,27.0640,31.1244
mp-aaaaaqcw,40.5010,29.4229
mp-aaaabdrs,51.7880,48.2369
mp-aaabxcld,6.3710,54.7574
mp-aaabevtt,19.0950,42.1539
mp-aaabghmi,-12.7440,3.7803
mp-aaabsdus,98.4300,82.9354
mp-aaabghvz,28.5110,27.4583
mp-aaabxglw,40.6840,37.7078
mp-aaaaadzv,43.1610,32.5993
mp-aaaaapep,14.6630,99.1268
mp-aaacdxqx,67.5150,47.2893
mp-aaabxhkh,27.1820,23.3779
mp-aaaaayfj,106.0600,92.6151
mp-aaaaacmt,11.6640,14.2311
mp-aaabetzr,88.8000,90.8280
mp-aaaaarym,20.9460,19.5056
mp-aaaaaqyb,64.9550,63.9467
mp-aaabgipc,56.4990,50.4526
mp-aaaabhfw,7.6740,22.2971
mp-aaaabhlx,43.8230,43.0198
mp-aaacgjam,56.1930,52.5343
mp-aaacdkni,-3.7830,41.3541
mp-aaabgiax,77.3920,75.0522
mp-aaaaajwf,57.6150,36.6142
mp-aaaaafni,28.9500,38.5230
mp-aaaciycx,72.0480,70.3430
mp-aaabxfae,20.0730,40.7561
mp-aaaaahqb,94.0770,82.0135
mp-aaabxcoj,18.7710,16.0871
mp-aaaaadri,142.4000,127.3579
mp-aaabrgzj,56.7180,74.9110
mp-aaaaafhx,99.5690,73.4454
mp-aaaaaecz,32.9040,43.7849
mp-aaabgljl,23.9600,6.4287
mp-aaaaalzq,70.7660,134.8511
mp-aaacdmzv,33.3370,22.4567
mp-aaaaamoi,62.2220,70.1910
mp-aaaaafio,59.1100,61.1091
mp-aaaabsai,57.8880,62.1222
mp-aaaaaylm,31.2020,18.9191
mp-aaacdiqa,31.1890,29.7054
mp-aaaabxan,111.7650,88.0280
mp-aaacdwrv,22.8270,20.8646
mp-aaaaalzl,-59.4920,-11.2955
mp-aaabxivi,25.7520,19.2246
mp-aaabjzjr,64.7610,65.1064
mp-aaacdmws,9.2120,10.8107
mp-aaaabthb,60.9740,55.6997
mp-aaaaaxjb,25.0940,18.5278
mp-aaaaafyc,66.4460,58.5341
mp-aaabgjcq,10.9180,6.8100
mp-aaaaabll,92.7530,85.1099
mp-aaaabedp,96.2940,103.7222
mp-aaaaceax,30.2140,26.5474
mp-aaacfycy,21.5690,11.4691
mp-aaaaafzr,6.5760,6.4309
mp-aaabgaqg,31.9830,35.6824
mp-aaacdkaz,27.1130,26.7884
mp-aaacewci,31.5810,81.8917
mp-aaabxcfw,22.9380,26.2471
mp-aaabxiyb,21.5520,21.2698
mp-aaacdjhu,36.6210,51.2747
mp-aaabxcfv,19.0660,19.2570
mp-aaaabtbl,50.2800,46.4512
mp-aaaaabjy,-2.5210,21.3835
mp-aaacdkjh,28.6860,35.6054
mp-aaaaaort,25.7400,20.9334
mp-aaachfdz,104.9830,83.3400
mp-aaaaaeac,31.7290,18.3861
mp-aaaaabdj,114.3400,110.8844
mp-aaabxjwo,30.8720,26.3401
mp-aaaabplp,43.5900,50.7837
mp-aaabghcn,65.9570,60.6841
mp-aaacdnqm,16.4970,17.0215
mp-aaaaagim,46.4800,36.8365
mp-aaacdrmm,90.7770,137.5804
mp-aaacevts,113.0590,87.8367
mp-aaacdnlp,27.6330,27.4274
mp-aaacfkhl,186.6580,66.8778
mp-aaacidmu,5.4490,6.3761
mp-aaaaapbr,29.5530,24.4559
mp-aaabxjzv,11.5610,17.2505
mp-aaaaaiwd,68.5770,64.0389
mp-aaaaacfx,21.0140,21.9813
mp-aaaaacqh,20.9770,13.8789
mp-aaaaabrv,138.7820,121.7608
mp-aaaaaedn,159.2510,75.9943
mp-aaaaadru,51.4630,41.0334
mp-aaaaaeeu,164.2610,84.8085
mp-aaabxfgd,20.8110,27.5667
mp-aaabjseh,132.7320,71.7413
mp-aaaaaczg,111.7370,78.9247
mp-aaaaagnv,69.8680,64.5562
mp-aaaaahwx,31.0190,53.0899
mp-aaaabqqc,7.3340,10.9732
mp-aaacfkhy,140.6350,129.6829
mp-aaacgadx,30.3710,36.5206
mp-aaaaardb,1.9660,21.3345
mp-aaabxhha,88.0910,76.1304
mp-aaaaaima,78.4750,80.8606
mp-aaabqxcg,18.6380,20.9557
mp-aaaabrwv,70.2970,65.3962
mp-aaaaakjd,21.6150,12.8017
mp-aaacgiox,46.3990,33.7599
mp-aaaaapff,12.5720,11.2722
mp-aaacfyaq,33.1450,26.8520
mp-aaacfwes,16.0760,31.7387
mp-aaackslv,37.1180,35.5025
mp-aaaaalqh,48.5990,57.9914
mp-aaaaanfz,19.1230,8.6262
mp-aaacfkin,-39.9640,15.3614
mp-aaabxisq,107.4360,112.8365
mp-aaacdmpy,105.8970,52.4392
mp-aaacevxe,52.9330,46.6232
mp-aaacdrmj,116.8590,101.5726
mp-aaaabpeo,6.2030,6.3978
mp-aaaabqgt,26.8860,23.8340
mp-aaaaaglb,31.0480,35.0041
mp-aaaaaorg,35.0630,27.4357
mp-aaabxizg,21.4900,21.3092
mp-aaacqozz,0.7490,1.7930
mp-aaaaacwy,14.1650,17.2897
mp-aaaaapul,29.9860,26.8842
mp-aaaaamzt,2.4260,3.9788
mp-aaabfseo,24.2510,20.6738
mp-aaaaaajz,120.0060,65.7694
mp-aaacflti,51.9350,4.4448
mp-aaaaarxh,104.1630,85.8380
mp-aaaabgqi,40.9770,35.4179
mp-aaaaalsa,28.1590,30.7048
mp-aaaaacaa,147.5860,53.3385
mp-aaaabtdc,26.5410,28.6319
mp-aaacdqcs,30.2990,39.9304
mp-aaaaahaz,11.2520,18.4404
mp-aaabxgil,129.1050,119.5549
mp-aaacdiga,41.3510,38.7204
mp-aaaabexr,19.0270,22.0887
mp-aaacfaol,59.7040,66.1249
mp-aaabrgwm,49.3850,63.4701
mp-aaaaarmq,5.6310,4.3532
mp-aaacdxar,48.9680,25.4218
mp-aaacdree,19.6590,14.6533
mp-aaaaaapa,47.3500,57.2995
mp-aaabhais,82.0970,78.3577
mp-aaaaadhb,96.2880,93.4833
mp-aaaaaftv,87.8710,87.1558
mp-aaabxglz,76.9120,59.0877
mp-aaaabsxs,18.5480,28.7038
mp-aaaaaefe,76.2680,72.4965
mp-aaabxfcq,86.8180,95.9481
mp-aaaaarsn,25.4150,26.2343
mp-aaaabpig,28.9950,27.8514
mp-aaaaabjr,51.5860,45.6025
mp-aaabeuhr,-6.9050,11.0210
mp-aaacehut,18.1730,12.3010
mp-aaacfkuw,143.2040,99.9372
mp-aaabxhje,20.8600,18.0462
mp-aaaabjsx,54.0750,48.0456
mp-aaaaalzy,121.3550,111.1668
mp-aaaabhbk,36.3100,53.9870
mp-aaabxghk,107.9940,109.5286
mp-aaabxhiz,27.9390,27.1812
mp-aaaabfeh,47.3680,43.6232
mp-aaabxivl,22.6680,21.9626
mp-aaabfcfm,37.5450,34.3627
mp-aaacdkek,12.9730,3.5540
mp-aaacebzj,-11.8520,3.0732
mp-aaacdscs,32.4070,23.8938
mp-aaacduvd,108.0300,89.3905
mp-aaaaabpe,15.1550,16.1768
mp-aaaaaleh,12.2560,12.6508
mp-aaaaaapi,44.7300,45.2200
mp-aaaaafje,75.9800,69.3558
mp-aaaaadzg,52.4630,48.0420
mp-aaacdmas,2.7000,2.6493
mp-aaaaaiif,25.2590,21.7919
mp-aaabxhnr,28.1000,24.1953
mp-aaaaacsh,23.3130,24.1965
mp-aaaaadhx,24.9190,26.0675
mp-aaabgnqm,5.3320,4.9190
mp-aaaaacam,22.8520,28.7819
mp-aaacdjtn,-10.7400,3.4348
mp-aaackvor,195.9740,155.1974
mp-aaaaalsx,161.7990,97.3465
mp-aaaaadfb,21.3660,28.1553
mp-aaaaagqw,11.7680,27.3569
mp-aaaacbkx,43.1980,22.0226
mp-aaaaaduj,54.1760,53.5619
mp-aaabgqpu,5.7170,4.8805
mp-aaaaaoxq,52.0860,47.9105
mp-aaabxglm,24.5580,26.0084
mp-aaacdrnp,22.7070,112.0841
mp-aaabxaqs,50.0680,58.5742
mp-aaaaaxjg,27.4640,27.4578
mp-aaaaafxo,47.4500,45.5697
mp-aaaaaaet,21.4380,19.9713
mp-aaabxfyd,22.1250,19.5383
mp-aaacflkr,88.7200,59.2704
mp-aaaaamzk,190.4910,167.1595
mp-aaaabpbp,144.0930,134.5001
mp-aaabxffj,19.6320,17.8374
mp-aaaaapdh,19.8740,32.9936
mp-aaabmkyl,2.7460,12.6803
mp-aaaabgpw,44.5450,40.8605
mp-aaaabojb,42.2510,55.2961
mp-aaacqfhu,11.1000,16.8469
mp-aaabxgyx,77.0200,62.9571
mp-aaabxgyo,25.3030,19.1065
mp-aaaabawt,15.4130,15.8334
mp-aaabjybv,-17.7730,39.1626
mp-aaaaaulf,57.2300,63.3433
mp-aaaaatjm,44.7690,40.9787
mp-aaaaabrz,128.5630,111.2315
mp-aaacflkj,-2.9750,58.0491
mp-aaaaatsb,24.7880,13.0290
mp-aaacfwfl,58.1510,48.8759
mp-aaaaapuu,17.4820,12.4068
mp-aaabxhev,25.4390,34.9878
mp-aaaaachm,24.6980,24.7946
mp-aaacdtvy,87.6650,51.4163
mp-aaaaakil,59.7610,42.5598
mp-aaabevyd,77.6740,77.3786
mp-aaaabdvf,55.6930,46.5145
mp-aaacesxu,9.2270,15.3744
mp-aaabxgkh,27.7210,35.3619
mp-aaacdoku,10.2680,7.6001
mp-aaabrbfx,52.7360,64.7085
mp-aaabjybk,1.1280,49.1924
mp-aaaaacsc,71.1210,62.3418
mp-aaabgmkw,8.6170,15.1799
mp-aaacesvl,18.4830,27.4552
mp-aaacfwiq,135.0370,85.0124
mp-aaacdnzv,11.2680,8.6929
mp-aaaaaols,21.6200,22.7311
mp-aaaaaqqp,9.2500,12.0213
mp-aaabglmq,50.2690,22.7950
mp-aaabdbay,35.8710,33.1512
mp-aaaaaqrc,20.3190,45.9472
mp-aaaaanft,171.0770,139.7225
mp-aaaaakav,4.8200,14.5749
mp-aaacdtzr,6.4370,12.0652
mp-aaabxgqo,-6.9370,17.0938
mp-aaaaapao,42.6130,8.9030
mp-aaaaasxe,18.1260,37.8823
mp-aaacgnti,12.6760,9.8575
mp-aaaabhze,7.2250,5.8552
mp-aaabdbav,54.5000,51.5149
mp-aaaaahdn,22.1170,23.8601
mp-aaabgjnn,69.3640,118.2714
mp-aaabxflm,56.1360,23.8854
mp-aaaaakog,139.1470,90.5874
mp-aaaabdwz,43.2590,40.6060
mp-aaabxfrc,104.5610,101.1286
mp-aaaaacxz,137.4900,113.1094
mp-aaacgigw,33.4250,50.7595
mp-aaaaanpu,90.7860,79.2654
mp-aaaaajni,18.8560,53.1040
mp-aaaabjeq,19.0940,19.2318
mp-aaaaachf,55.7710,50.2186
mp-aaacgiob,74.2250,112.1970
mp-aaaaabrd,47.4110,67.3488
mp-aaaabdge,17.9900,21.7292
mp-aaacfjwc,1.4230,6.8665
mp-aaacdoyg,21.6240,29.4598
mp-aaabxfba,22.6430,11.1743
mp-aaaabjho,10.1190,27.9090
mp-aaaabhcy,26.9840,34.7630
mp-aaaabekz,63.0310,59.6354
mp-aaabxcbu,117.7400,98.0604
mp-aaabjyae,17.3620,3.8762
mp-aaacgild,58.3960,54.9725
mp-aaaaafmk,71.3010,83.3518
mp-aaabxdql,78.2780,78.1722
mp-aaacggse,7.6630,6.6706
mp-aaaaabge,23.2280,27.4095
mp-aaaaamgx,22.2610,20.2817
mp-aaaabfky,86.6300,64.1315
mp-aaabglls,1.9350,3.3022
mp-aaabkuvw,17.3660,22.5283
mp-aaabxfgx,29.7460,23.0119
mp-aaaaaeok,31.0800,31.9322
mp-aaaaakhd,46.3970,34.7417
mp-aaabftgg,17.3660,25.3570
mp-aaabxfsk,20.4080,17.8633
mp-aaabfnyk,60.5730,53.7407
mp-aaaaaqci,42.1930,35.1521
mp-aaacfmex,113.2810,85.6711
mp-aaabxjvd,18.2700,43.9685
mp-aaabfynb,71.5810,62.4045
mp-aaaabijq,30.6640,25.4120
mp-aaaaaacc,88.8820,94.2194
mp-aaaaaiqm,58.1340,47.7115
mp-aaaabfht,61.8690,50.4811
mp-aaabxfoj,41.3910,35.2850
mp-aaaaaqvu,56.6710,44.9193
mp-aaaabecb,31.0810,46.3905
mp-aaaabpfr,20.4060,36.5141
mp-aaagdbcg,12.6060,9.3332
mp-aaabxcay,113.6360,101.5604
mp-aaabqyww,18.7550,47.6077
mp-aaabxjbw,192.2830,156.3432
mp-aaaaacxi,20.1970,14.1426
mp-aaaaapgp,72.0620,66.4176
mp-aaacfzal,51.4360,44.4308
mp-aaaccspu,47.7610,31.8448
mp-aaaabiua,14.7980,10.0429
mp-aaabxfou,102.3490,60.5743
mp-aaabxjcb,20.1090,15.0858
mp-aaaaasxh,41.2650,57.4474
mp-aaabjfrj,29.1170,33.8927
mp-aaabxfkn,87.3410,82.7594
mp-aaaaawgz,61.3450,55.0086
mp-aaaabtzq,19.5530,12.7251
mp-aaaaabvr,60.3100,33.0996
mp-aaaaaigc,30.3500,33.3976
mp-aaaaakmo,5.0870,8.7909
mp-aaabxgrp,14.5690,21.9183
mp-aaacfwfh,52.3160,57.9716
mp-aaaaadhc,58.0700,40.5890
mp-aaacewcm,85.4690,78.8424
mp-aaabxfmd,76.6670,64.4206
mp-aaabituy,98.7230,60.6637
mp-aaaabpap,37.6780,33.3211
mp-aaabxfpi,34.6020,14.8484
mp-aaacfxyy,101.2350,67.1911
mp-aaacewgm,50.4190,18.1031
mp-aaabgjaz,132.3380,125.6110
mp-aaacfrib,27.2820,20.8048
mp-aaagirhh,27.6370,17.7717
mp-aaaaacev,18.6390,18.3932
mp-aaacdvcn,70.4730,85.7020
mp-aaaaajwm,58.8530,56.1023
mp-aaaaaqqq,10.9270,43.1014
mp-aaabjccl,61.3980,103.0533
mp-aaaaaxjr,138.3730,153.5292
mp-aaaaabmi,103.4080,99.4677
mp-aaabxgji,21.0970,17.3565
mp-aaaabthl,37.3540,31.9181
mp-aaaaabia,25.8550,31.9864
mp-aaabxiwn,22.6600,20.8893
mp-aaacehvb,15.1910,13.0536
mp-aaacfaaf,1.8640,16.3707
mp-aaacfjvv,19.0680,26.4974
mp-aaaaaduy,16.3390,14.9013
mp-aaaaaimd,73.1360,73.6745
mp-aaaabuaw,81.8370,79.3528
mp-aaaaahgl,16.9280,15.7420
mp-aaacfzbw,28.0310,26.6420
mp-aaaabeer,88.2100,82.1962
mp-aaabxjxj,87.6940,72.7549
mp-aaaaadob,15.5560,19.1910
mp-aaacdxqw,61.8530,40.1526
mp-aaaabhsz,70.8000,65.3225
mp-aaacevxr,49.0690,60.0041
mp-aaaabqpl,47.9640,47.9294
mp-aaaabihh,2.5190,3.2801
mp-aaaaaefl,33.7280,34.9111
mp-aaaaaghp,44.9530,130.1154
mp-aaaabyip,53.8550,20.8206
mp-aaaabfia,19.9130,27.2417
mp-aaaaacap,46.0850,18.4454
mp-aaabxfvb,27.6170,26.8910
mp-aaacfwfd,52.3820,35.8423
mp-aaaaaxdp,37.8090,33.3333
mp-aaaaagoj,47.6230,39.7476
mp-aaaaaczx,120.4160,125.8286
mp-aaaaabxf,181.3270,125.1107
mp-aaaaaoll,111.2190,66.0310
mp-aaaabtoo,82.9620,58.0227
mp-aaaaadff,41.4800,42.6247
mp-aaaabsqr,78.3640,61.3555
mp-aaabxcdm,47.9050,49.1907
mp-aaacdhts,33.8080,29.7637
mp-aaaaatzb,36.6100,38.0823
mp-aaabxfuh,55.1520,70.7257
mp-aaaaaayi,133.5940,40.8267
mp-aaacdoro,38.1370,24.5236
mp-aaabxfph,93.5160,87.4633
mp-aaaabfcq,23.1630,26.7599
mp-aaabfozd,25.7250,18.3220
mp-aaacdike,13.0270,17.8553
mp-aaacdiez,52.2880,53.8631
mp-aaaabqce,3.7290,11.5738
mp-aaacdvmt,37.6310,21.0813
mp-aaaabewi,120.1020,84.0895
mp-aaabxgiz,-0.5310,20.9302
mp-aaabgnrd,3.0800,34.6274
mp-aaaaacib,29.9100,34.3086
mp-aaaabhqp,27.5320,20.8096
mp-aaabqzzr,82.0020,79.8068
mp-aaaciyzo,41.6140,40.4484
mp-aaaabhsd,36.0150,16.8120
mp-aaaaaret,62.3250,43.6497
mp-aaaaaazp,9.6910,12.7250
mp-aaaaagmr,29.3090,41.4056
mp-aaacdhjq,45.9570,37.4000
mp-aaacewoy,80.8380,92.1684
mp-aaaabdei,56.4360,43.3718
mp-aaaaacxx,86.6620,72.3140
mp-aaabrakg,40.8620,42.3349
mp-aaaabegx,40.2410,74.4062
mp-aaaabdri,52.7810,40.9799
mp-aaaaahzm,42.4880,34.8166
mp-aaaaasel,16.1950,20.1930
mp-aaaaacti,35.4170,31.3104
mp-aaaaaadx,208.9010,180.9103
mp-aaabjyhc,-17.4130,7.4721
mp-aaaabtlp,10.7620,20.8525
mp-aaaaacqx,77.5680,63.2052
mp-aaacfrop,12.5470,11.2754
mp-aaacgpbv,20.4670,26.1447
mp-aaaaasqk,87.6240,81.5038
mp-aaaaboqm,42.9070,43.1017
mp-aaabxgij,136.8530,121.6794
mp-aaacfyah,10.7550,48.0284
mp-aaacgpha,42.2460,38.8957
mp-aaaaadwv,16.9240,23.8647
mp-aaaaakgw,74.3350,62.0624
mp-aaabgjti,14.4360,17.5030
mp-aaaaalgi,88.8320,80.0892
mp-aaaaaivn,74.3700,57.8482
mp-aaacewfg,153.1680,132.0236
mp-aaacflvy,121.8070,69.9679
mp-aaacevzw,28.1810,27.6502
mp-aaacdhut,16.5390,34.5080
mp-aaabxfme,36.1770,20.0655
mp-aaabgnqt,28.2450,117.0545
mp-aaabxcfr,80.5030,77.8511
mp-aaacdmuj,1.5820,33.1093
mp-aaaaarcx,49.6670,54.3522
mp-aaacflue,63.4740,13.9088
mp-aaabxfvg,39.7960,36.7818
mp-aaaaarbd,43.8600,32.4956
mp-aaaabfqk,46.8450,47.1709
mp-aaaaaqbp,122.7640,122.6948
mp-aaabqxzl,45.3730,30.2817
mp-aaabgked,153.3620,141.1867
mp-aaacfxgg,107.1100,102.0592
mp-aaagbryv,4.4640,1.8896
mp-aaabnqij,30.3480,34.0375
mp-aaaaasij,80.8520,66.5161
mp-aaacfydi,24.5510,62.8126
mp-aaabqwei,-19.9190,41.5745
mp-aaaaacma,77.7390,74.8470
mp-aaacfydg,39.2790,37.5246
mp-aaaaaheu,53.5580,54.7874
mp-aaaaardg,25.0630,17.2142
mp-aaabrrkf,12.9230,21.8555
mp-aaaaakhl,49.9790,50.3277
mp-aaacevuc,52.8240,83.9685
mp-aaacdvmw,4.9460,18.6369
mp-aaaaasyc,58.9740,26.5870
mp-aaaaakgp,38.9240,34.3314
mp-aaaabpfp,97.1530,92.6872
mp-aaacfzcz,17.8990,25.2013
mp-aaaabrey,20.8520,7.8921
mp-aaaaayfr,48.8120,43.0233
mp-aaabxggg,113.1410,110.8043
mp-aaabglcl,79.9910,79.6485
mp-aaaaabhx,16.8520,28.3935
mp-aaacehwc,8.6130,18.4404
mp-aaabqyck,98.0320,71.5291
mp-aaaaabdd,30.4800,25.3924
mp-aaacgpbg,28.4850,30.8433
mp-aaaaayqg,27.7330,28.4720
mp-aaaabexx,38.6570,39.9963
mp-aaaabfoi,9.4310,50.2080
mp-aaabxfct,29.0690,52.5027
mp-aaabxbzl,100.4080,58.3561
mp-aaaaamlb,24.0430,21.3641
mp-aaaaadfs,22.5710,19.3200
mp-aaacfxzs,77.0260,70.8068
mp-aaacealc,36.1400,34.3132
mp-aaaabtcq,10.6800,9.8599
mp-aaaabrau,30.5280,32.7380
mp-aaaaagyr,33.2340,25.3443
mp-aaabxgoi,105.7680,96.0652
mp-aaabgnby,17.1460,15.7934
mp-aaacqbhn,13.4150,11.8677
mp-aaaabsln,90.7530,80.9628
mp-aaaabecu,35.8990,32.3506
mp-aaabfnmf,60.6020,59.1420
mp-aaaceszk,18.3390,29.4697
mp-aaaaaknx,43.5130,48.5244
mp-aaaaaeaq,67.6110,51.0099
mp-aaacdlnd,82.0950,74.5002
mp-aaabghxz,20.0190,17.9098
mp-aaaabpet,5.7200,4.5284
mp-aaacdyjq,25.9500,25.1302
mp-aaacgisr,59.6590,51.4817
mp-aaaaahqr,88.6380,76.0654
mp-aaabxcpr,3.0580,1.5666
mp-aaabjxxx,48.4360,21.3148
mp-aaaaaact,10.0380,-1.1065
mp-aaaaapai,-19.4830,9.1456
mp-aaacdrog,20.9110,21.6333
mp-aaaaaada,39.0080,19.5888
mp-aaabxheg,14.1400,6.6494
mp-aaacdiyk,-10.8550,24.9458
mp-aaacdrnf,35.8500,32.7780
mp-aaabxcjl,15.5510,14.4147
mp-aaabfwkk,83.7350,50.2836
mp-aaaaabki,144.8260,113.1154
mp-aaaaacsv,102.4520,114.0517
mp-aaaaasjj,38.3770,28.2280
mp-aaabglip,24.5850,23.6977
mp-aaacgexq,23.5050,31.2893
mp-aaacfzyc,52.8310,41.7641
mp-aaaabftt,71.0900,44.9703
mp-aaaaacxj,78.7290,82.4187
mp-aaabqywz,68.9630,58.8109
mp-aaaabevc,43.6610,36.4270
mp-aaabiekn,41.6790,46.1137
mp-aaabfzhl,27.5670,29.7532
mp-aaaaaaat,14.9520,14.1812
mp-aaaabgjv,27.5940,31.6167
mp-aaaaarms,36.9880,46.4889
mp-aaabevgg,19.9610,22.3093
mp-aaabxcgz,23.2890,22.1298
mp-aaabmlqi,25.0510,20.7459
mp-aaaaalbl,55.8030,57.2588
mp-aaaaagmc,32.5830,34.9056
mp-aaaabfil,39.8680,73.7540
mp-aaaaacni,21.4270,15.8004
mp-aaaaageu,48.9880,43.2847
mp-aaabctis,15.1020,19.6535
mp-aaacdqcg,28.9270,26.6249
mp-aaacrlhv,188.5140,131.7240
mp-aaabxfyw,78.1380,73.1644
mp-aaacdmbj,6.4890,7.2399
mp-aaabxclz,40.9920,34.6973
mp-aaaaaajp,70.1310,65.0658
mp-aaabxgjj,75.2280,73.5836
mp-aaaaaili,25.7490,32.0419
mp-aaaaatqd,81.5530,75.3290
mp-aaabxgeq,44.3810,54.4072
mp-aaacdppu,15.8800,6.9455
mp-aaaaadki,56.5870,84.7144
mp-aaabevwr,6.4180,-9.2403
mp-aaabjygi,-19.6990,-2.6278
mp-aaaabtem,52.0700,46.9144
mp-aaaaadvd,151.2310,93.4676
mp-aaacfyal,77.9350,80.5794
mp-aaaaabsu,71.6680,23.9298
mp-aaabxfxw,50.2560,22.9144
mp-aaaaasuy,30.6970,49.8879
mp-aaaaaink,27.8830,22.6170
mp-aaabxhjx,122.8870,85.9316
mp-aaaaafee,43.3200,47.9932
mp-aaaaalkf,11.6500,32.3262
mp-aaaaavww,15.3430,16.3406
mp-aaaaaclk,77.3420,76.9117
mp-aaaaagce,8.8350,19.1108
mp-aaaditgp,56.2940,63.1558
mp-aaabxfot,55.1190,63.3110
mp-aaaabstj,40.4880,36.5973
mp-aaaaadjc,54.6140,50.3175
mp-aaaaaewf,78.2130,63.0050
mp-aaaabulw,20.3150,11.2451
mp-aaaaaucs,6.3830,16.1581
mp-aaaaajuv,34.3800,27.9565
mp-aaaaabjf,28.6620,18.8488
mp-aaacdnbv,23.0580,22.0265
mp-aaaaaieg,18.6960,20.6184
mp-aaaaaylh,59.3780,56.3029
mp-aaaaaaew,49.5200,79.3230
mp-aaaaatju,-74.5730,52.1306
mp-aaaaalxo,71.4510,74.6212
mp-aaacfkpx,-13.0700,25.9455
mp-aaaaacvj,14.1710,15.9144
mp-aaaaboor,6.4090,9.7370
mp-aaacgoqy,39.7560,30.1577
mp-aaaabtde,29.6640,28.6966
mp-aaacflwi,47.8130,33.3049
mp-aaaaahxu,29.0340,24.6118
mp-aaacevup,38.7110,37.6500
mp-aaacflmq,11.9550,32.6204
mp-aaabxftj,7.0600,14.4418
mp-aaabffiz,35.0080,18.2917
mp-aaaaajao,72.9890,78.4392
mp-aaaaapdb,47.4090,53.6047
mp-aaaaakqn,67.9290,43.8951
mp-aaaaacaj,54.9830,35.9764
mp-aaachdcj,12.5440,17.6217
mp-aaaabtqk,30.0870,35.1597
mp-aaacfywy,8.8990,11.7250
mp-aaacfjly,22.0820,56.0472
mp-aaacdseb,16.5050,17.0868
mp-aaaaaqdf,55.0020,73.5323
mp-aaaaaeay,186.4270,114.3421
mp-aaaaaasg,38.2270,34.6275
mp-aaabgiwq,8.5730,13.4948
mp-aaaabfme,58.8420,52.3496
mp-aaacdsdy,26.2570,22.1816
mp-aaaaafbw,3.3120,5.3100
mp-aaaaareo,62.9660,72.5774
mp-aaaaarpa,12.4370,31.4182
mp-aaaaaktw,39.1350,32.9165
mp-aaacdywv,38.2010,34.9004
mp-aaacesua,4.6230,4.1526
mp-aaaaalze,40.7660,49.8930
mp-aaaaathg,19.9770,21.3291
mp-aaabxcfo,15.9660,17.4054
mp-aaaaabup,34.5350,29.9776
mp-aaaaaojs,64.0660,69.8389
mp-aaaaahkx,43.2740,48.8627
mp-aaachcwh,9.9320,8.7944
mp-aaaabqjb,8.7240,9.5950
mp-aaaabgyc,103.4400,82.1034
mp-aaachdck,-128.3910,15.6210
mp-aaaaados,21.0720,18.6662
mp-aaabxfqb,107.4540,98.0761
mp-aaaaapii,12.2890,11.1129
mp-aaaabxux,36.0470,32.3160
mp-aaaaacpu,62.2700,57.7101
mp-aaaacbor,29.4850,31.1010
mp-aaaaafnd,98.0200,91.5845
mp-aaaaawos,29.6040,29.1828
mp-aaacfydr,76.9580,72.9594
mp-aaaaabcl,90.0220,87.9273
mp-aaaaapuo,10.8710,13.9435
mp-aaaabtop,28.0360,26.8660
mp-aaacdlir,110.6750,152.3719
mp-aaabivna,0.2050,-11.8531
mp-aaabxgcy,38.3440,34.2702
mp-aaabxbuz,143.4730,106.8176
mp-aaaaalfu,58.2210,104.3464
mp-aaacctef,-25.4120,6.6799
mp-aaaabpnp,25.1360,20.3833
mp-aaabxclv,24.6640,21.5702
mp-aaabxitl,87.1090,78.5164
mp-aaaaadql,119.2070,81.8401
mp-aaaceqcx,0.9060,5.4737
mp-aaablgrc,69.6610,30.6637
mp-aaaaabtq,13.6180,12.2172
mp-aaaaabgs,61.0920,52.5379
mp-aaaabfbz,51.3500,37.1637
mp-aaacdkmz,0.1470,-1.8903
mp-aaabxfix,26.0800,66.8598
mp-aaagkufv,-7.3400,12.4887
mp-aaaaaalt,94.9790,67.4603
mp-aaaaabci,34.4500,26.2919
mp-aaadcxpl,3.5640,16.7522
mp-aaacfriv,21.3390,12.0956
mp-aaaabthj,48.7950,45.9470
mp-aaabkppn,9.3090,15.0090
mp-aaaaabor,87.3450,59.0637
mp-aaabkcvz,0.0480,-15.5823
mp-aaaabtoe,102.7670,44.9472
mp-aaaabrrk,3.8000,5.7744
mp-aaaaasvl,77.8190,48.1108
mp-aaaaanxb,53.6080,45.8539
mp-aaaaaxdl,19.8020,19.9993
mp-aaacdtol,20.4980,18.3222
mp-aaaaapwy,5.3650,6.4623
mp-aaaaadqv,72.2370,74.4191
mp-aaabxffk,50.3050,46.8705
mp-aaaaadmb,44.7490,82.4423
mp-aaaabhvf,4.5290,8.2783
mp-aaaaagdq,19.4760,24.2020
mp-aaaaalcf,17.9960,19.2417
mp-aaaaaeex,77.6860,50.3956
mp-aaafdxgq,4.8790,4.3893
mp-aaachpbg,33.8750,57.4366
mp-aaabgnes,67.7610,68.9832
mp-aaaaagsr,31.2500,56.9384
mp-aaaaaqdd,59.6690,68.6339
mp-aaaabrvk,10.9960,21.7642
mp-aaabxbbo,24.5410,18.2978
mp-aaaabgjw,8.5260,11.2788
mp-aaaabeyj,13.4080,46.5389
mp-aaabgiqn,51.7800,43.9205
mp-aaaaadyo,35.3310,45.3132
mp-aaaaaklc,102.8260,108.3507
mp-aaaaairm,39.3360,39.6519
mp-aaaaaqtr,6.9790,4.3404
mp-aaabxbul,45.4700,41.9482
mp-aaacfkqa,34.0680,20.3768
mp-aaaaafqh,145.1060,150.3634
mp-aaaaaorp,11.2170,15.6082
mp-aaaccsqi,72.1680,59.6606
mp-aaaabroy,8.1010,8.3994
mp-aaaaaqza,8.1580,14.9089
mp-aaacevxk,54.7140,76.7879
mp-aaaaazqq,68.2450,48.7147
mp-aaaaaqqa,97.7570,18.1885
mp-aaabrgwt,13.4610,16.3551
mp-aaaaabzr,38.4250,32.3592
mp-aaaabsiv,25.7710,32.0749
mp-aaaaayxg,39.3270,52.8051
mp-aaabxgic,102.9390,89.4585
mp-aaaaaois,11.4350,30.6169
mp-aaaaaanr,33.0160,31.7548
mp-aaabghle,39.2700,43.5908
mp-aaaaabvo,14.1170,18.5010
mp-aaaaadcr,21.2450,15.6714
mp-aaacdtrc,17.6720,18.1098
mp-aaaaacrz,56.1040,54.7786
mp-aaaabbrn,23.9330,29.9510
mp-aaabxcdt,29.2800,22.6385
mp-aaabpdkj,84.4560,80.5916
mp-aaaaagho,11.9560,5.2004
mp-aaabxhbi,58.9700,46.6443
mp-aaaaciiz,208.4550,109.6197
mp-aaacgoxv,11.3420,19.2251
mp-aaacehxt,9.8700,3.1227
mp-aaacdkfc,17.8440,17.5127
mp-aaaaaaoq,27.4220,25.1780
mp-aaaabijj,9.7650,11.5243
mp-aaabxjbt,19.3680,17.8042
mp-aaabxcig,108.2480,106.1882
mp-aaabfuhp,62.5370,58.1036
mp-aaaaaows,51.5140,33.6806
mp-aaaaafid,74.9970,65.5367
mp-aaaaabiz,4.4300,3.3106
mp-aaabfpgo,13.8670,16.5627
mp-aaaabwnz,12.2090,17.9046
mp-aaacgdiz,11.0950,36.6644
mp-aaacdlnu,54.1220,52.4812
mp-aaaaatls,-5.5810,35.8666
mp-aaaabess,43.9070,43.8244
mp-aaaaafwl,12.3210,17.1696
mp-aaaaabut,110.1360,56.6210
mp-aaaabefm,9.7090,19.9185
mp-aaaaamdb,7.6810,20.0470
mp-aaaaaspn,117.3520,93.7916
mp-aaacetaa,41.4250,43.6763
mp-aaaaaogp,12.7450,19.4560
mp-aaabxfnx,-81.6340,25.8287
mp-aaaaadgr,27.1770,13.5589
mp-aaaaaavf,31.8020,25.9048
mp-aaaaario,188.7080,178.2838
mp-aaaabpac,8.3630,8.1344
mp-aaaaacce,19.4520,12.9799
mp-aaacfxjr,20.8370,54.6161
mp-aaabxakr,0.1180,26.9287
mp-aaaabias,14.5410,17.0523
mp-aaacfslv,130.4860,93.0501
mp-aaaaaerm,28.9600,25.9727
mp-aaabxhem,-32.8980,68.8732
mp-aaabminb,93.1230,136.0633
mp-aaacdpxk,42.7060,48.4520
mp-aaaabhwl,21.4060,23.1859
mp-aaaabhdd,57.0100,35.4130
mp-aaaaaduu,29.7960,29.1624
mp-aaabqzvn,37.1180,36.7618
mp-aaaaaebf,17.0120,45.2931
mp-aaabjxyd,36.5640,5.6383
mp-aaabkkgh,60.5660,58.8446
mp-aaacdlii,10.8050,5.0164
mp-aaabxjql,64.2720,62.6471
mp-aaaabhys,6.7990,9.5190
mp-aaaaafmp,25.3000,60.3645
mp-aaaaakwr,49.6180,46.8679
mp-aaabxdsy,22.3240,25.1004
mp-aaacgphh,45.2040,45.5378
mp-aaaabjfb,6.7440,7.2818
mp-aaaaacgb,11.6790,12.0340
mp-aaacgive,-2.0930,53.4666
mp-aaaaacjj,49.9410,35.0919
mp-aaacdkou,18.4740,15.8757
mp-aaabghbn,80.6970,71.6123
mp-aaaaaovf,121.4460,86.4227
mp-aaabqzrs,43.1200,23.4785
mp-aaacfkmu,-23.2030,-5.5304
mp-aaabxdqf,22.5130,25.7791
mp-aaaaagwc,-50.2110,76.6895
mp-aaacflvf,24.1000,29.0242
mp-aaacgiqa,49.8250,37.1848
mp-aaaabgtz,23.0010,22.7297
mp-aaaabdrp,32.8140,51.6772
mp-aaabqzsi,36.0430,51.4118
mp-aaaaaosg,100.1460,64.0163
mp-aaacgiom,133.8850,127.5862
mp-aaaaacqi,93.3590,75.5915
mp-aaaaaghl,20.5220,28.6848
mp-aaacgiyq,22.5660,12.3012
mp-aaaabosl,3.2870,14.2470
mp-aaaabrdi,86.9550,89.4956
mp-aaacdpvz,30.5280,28.1020
mp-aaaaaefn,137.3390,133.9383
mp-aaaabubu,-22.9860,17.3868
mp-aaacfyaf,138.1430,65.3833
mp-aaacdjgf,37.1290,36.6385
mp-aaaaacxg,50.7220,47.3347
mp-aaabxfyn,90.4830,86.7545
mp-aaacfyee,22.5980,13.7181
mp-aaaaafdg,118.3410,94.8916
mp-aaacfycw,-25.4480,91.9440
mp-aaaaachg,19.2770,16.7185
mp-aaabxhfr,15.6880,13.5887
mp-aaaaarge,50.1960,35.8965
mp-aaaabjaz,12.2590,14.9383
mp-aaabxhjy,2.2660,2.7513
mp-aaacdpwl,5.1810,5.8702
mp-aaaaaocl,74.2000,58.2855
mp-aaabghut,86.9510,85.3024
mp-aaabfubj,86.8460,72.1677
mp-aaaaaafg,180.4770,91.3766
mp-aaabgnbr,29.5390,14.9598
mp-aaabghwo,52.5060,56.5559
mp-aaaaarqj,166.5440,132.6748
mp-aaaaaota,105.9740,114.0992
mp-aaaacavt,30.6140,27.6560
mp-aaackshq,52.8500,46.7722
mp-aaacdplu,7.6810,18.8290
mp-aaacfwgr,39.5850,27.0680
mp-aaaabigt,14.8270,14.8412
mp-aaacduvo,44.6240,50.0088
mp-aaabqwzi,16.1470,25.8500
mp-aaacfloo,8.7780,85.2992
mp-aaacprkl,31.3360,26.9082
mp-aaacejdw,50.9520,38.0855
mp-aaaaanun,30.3540,27.6659
mp-aaaaamua,-24.1600,28.1256
mp-aaaaaswx,88.4690,90.1398
mp-aaaabeda,34.5620,23.6709
mp-aaaaassv,89.1180,74.6659
mp-aaaabejt,26.3110,26.7850
mp-aaaabfsi,15.2390,9.9970
mp-aaacdpof,9.2120,10.4125
mp-aaaaahzk,65.6790,75.6986
mp-aaacdjnh,64.1940,27.5606
mp-aaabfsnl,13.1300,14.0908
mp-aaaaaibz,34.5160,32.2838
mp-aaabdarg,5.4750,44.1170
mp-aaaabhhg,5.7010,8.9592
mp-aaabrekj,66.3990,49.0966
mp-aaaabrps,17.9010,20.8649
mp-aaaaaasa,49.8350,50.9532
mp-aaaabsnj,152.9130,161.2117
mp-aaaaaoyr,30.1590,26.3837
mp-aaaabsau,10.8680,11.0002
mp-aaaaahrq,29.9530,23.5172
mp-aaaaaosh,91.2790,61.2649
mp-aaaaabva,156.4090,135.5685
mp-aaacppoz,10.3880,17.7622
mp-aaabqzis,52.1930,42.3707
mp-aaacdknh,3.1100,4.3898
mp-aaaabszo,29.8730,37.9018
mp-aaabklou,40.0130,38.3382
mp-aaaaapae,144.0490,170.4722
mp-aaabrwfb,81.4650,67.7943
mp-aaaaaitq,94.8510,90.8647
mp-aaacdphl,4.6360,5.1364
mp-aaaabhvj,11.4120,8.7727
mp-aaaacboc,12.9430,20.2072
mp-aaacgbxv,76.2960,35.5547
mp-aaacehhw,18.4330,12.1619
mp-aaaabezf,64.0390,45.7160
mp-aaaaakoh,35.8870,20.0071
mp-aaaaaoru,15.7660,21.7583
mp-aaacdpwq,93.6160,53.9441
mp-aaaaatbo,36.9070,46.8197
mp-aaaabgik,143.2700,77.3191
mp-aaaaaptn,-2.4300,7.1487
mp-aaaaapwc,83.5130,85.5428
mp-aaacdlju,132.7140,151.2999
mp-aaaaaqee,97.6560,105.5352
mp-aaaaaxzw,37.1700,-5.9837
mp-aaaaabey,104.8550,78.7174
mp-aaaaadhp,145.0900,154.1693
mp-aaaccsri,-2.2740,19.9518
mp-aaaaaeiv,119.2230,105.2073
mp-aaabxfyj,38.7480,35.4232
mp-aaabxjxf,22.9420,39.6809
mp-aaacdyto,-19.5500,17.8661
mp-aaacewkb,78.6000,90.7942
mp-aaacewcu,46.8230,43.0541
mp-aaaaaegs,42.1460,46.5791
mp-aaacdrms,17.3740,26.5214
mp-aaaaaavx,43.4250,48.7525
mp-aaabxfya,61.7880,19.9631
mp-aaaaaepl,25.3440,26.3463
mp-aaaaasxl,47.9200,34.0060
mp-aaacewol,59.4750,98.7929
mp-aaaaaggs,81.8490,53.9908
mp-aaaaadln,24.0420,60.4909
mp-aaacgowz,65.0550,50.8294
mp-aaaabjyf,38.5530,63.1306
mp-aaaabakm,74.3460,84.3941
mp-aaabgman,38.2580,95.3555
mp-aaaaarbi,75.8010,72.4763
mp-aaaaapwr,-1.5220,23.2055
mp-aaacdoks,16.5940,50.3052
mp-aaaabeey,13.5080,14.5072
mp-aaaaarrz,32.3920,30.3584
mp-aaacgaga,37.0950,23.1745
mp-aaacgpla,75.6320,73.3833
mp-aaabxclr,9.1990,11.5481
mp-aaabxfho,21.3080,23.7265
mp-aaaaaubc,4.8170,6.6341
mp-aaacdhlg,-4.4000,48.6416
mp-aaaabejj,-30.4060,-5.0545
mp-aaacgpba,14.1700,29.0989
mp-aaaaapzh,41.1910,49.0492
mp-aaacflsr,-24.3390,0.3029
mp-aaaaacmn,148.9150,134.0337
mp-aaabglnx,9.1300,16.4070
mp-aaaaahnu,41.0740,30.0400
mp-aaacfann,131.0460,64.1004
mp-aaabevqt,11.2450,29.9426
mp-aaabxfyg,85.1390,91.1096
mp-aaacgifr,66.4420,81.8910
mp-aaaaatua,29.5980,23.7596
mp-aaabxgow,17.0260,11.2218
mp-aaacdxgj,21.5880,22.4668
mp-aaaaagln,77.9880,74.0195
mp-aaaaacvo,39.7320,25.6694
mp-aaaaaytn,-106.7410,-4.0904
mp-aaabgnhr,124.5620,84.5600
mp-aaabgxyc,57.0440,65.6037
mp-aaaaaazn,47.9840,31.7318
mp-aaacdreh,20.5530,13.8520
mp-aaaaacpn,37.6090,29.0132
mp-aaacdnyv,7.4080,10.5904
mp-aaaabhae,64.0750,80.1410
mp-aaacfkdt,0.2790,19.6203
mp-aaaaabka,30.6480,23.7486
mp-aaaaalta,76.8960,82.5973
mp-aaabqyrr,101.4430,92.9872
mp-aaacdkpf,-1.1350,15.3128
mp-aaaaabfx,52.6820,35.5925
mp-aaaddtgg,58.8970,75.1982
mp-aaabgncu,38.1760,5.2034
mp-aaabxhil,20.7100,14.3305
mp-aaaabfbq,24.6140,19.8982
mp-aaaaaheq,31.8760,35.0020
mp-aaacgirm,67.8580,62.9645
mp-aaaabegq,20.0780,17.5090
mp-aaaaaaim,2.3430,53.5902
mp-aaaaadmo,68.8330,45.1126
mp-aaaaahyi,29.0120,63.5653
mp-aaaaaijr,133.3600,122.9042
mp-aaabxjsd,99.3040,94.4856
mp-aaacdsre,45.5270,49.3028
mp-aaaaapha,44.0850,42.9536
mp-aaaaaghn,49.9530,39.9703
mp-aaabgjle,71.2860,99.2557
mp-aaaaakyq,17.0530,21.6161
mp-aaaaaaai,168.0400,191.3496
mp-aaaaacwu,115.8790,102.9393
mp-aaabgmyu,24.7360,23.5999
mp-aaaaadok,10.8420,15.0939
mp-aaabryed,48.0690,72.5894
mp-aaabxgxz,34.9180,31.8890
mp-aaacdrzk,3.2310,11.6872
mp-aaabqwvt,76.3750,54.2343
mp-aaaaaawg,21.9470,21.4066
mp-aaaabrjz,15.1010,17.1100
mp-aaaaaetf,65.3770,57.5952
mp-aaaaasvx,52.8870,69.4335
mp-aaaaaako,54.8630,52.2728
mp-aaaaabwl,53.6010,50.2903
mp-aaaaafec,13.6260,11.3068
mp-aaacfkij,-52.3060,34.5023
mp-aaacgiss,45.9480,48.1007
mp-aaaaaeae,28.6920,30.0078
mp-aaaabehl,39.9800,54.8243
mp-aaaaaxdj,1.0610,10.0561
mp-aaaabdxx,18.8780,12.0693
mp-aaaaamtw,24.4410,26.0392
mp-aaaabexf,48.9020,44.3965
mp-aaabeueu,0.5470,2.6739
mp-aaacdyue,21.8720,21.3153
mp-aaabgmdk,28.7360,10.8987
mp-aaaaaodt,17.5690,24.7203
mp-aaabxcgp,19.9970,18.1663
mp-aaabgrlz,39.3520,46.6659
mp-aaaaagcm,42.1030,36.6627
mp-aaaceatw,19.5680,23.7072
mp-aaaaaosv,83.6030,74.5580
mp-aaaaaqzu,76.4650,65.2756
mp-aaaemsyl,21.7650,43.5579
mp-aaabctjj,24.7810,38.9027
mp-aaacdrzb,22.8030,19.8561
mp-aaaaaano,100.5220,99.9441
mp-aaacfyyj,40.8220,38.8512
mp-aaabgltp,21.1640,19.4493
mp-aaaaaiie,106.0660,102.1070
mp-aaaabjfo,61.8630,43.5679
mp-aaaabqje,24.8560,32.5836
mp-aaaaaarb,15.1060,22.2214
mp-aaacdoeo,18.6600,14.4812
mp-aaaabhyd,7.0630,2.9472
mp-aaacgpdo,26.0100,22.8500
mp-aaaaaett,27.3070,72.9164
mp-aaacearv,38.8390,27.2814
mp-aaaaahee,28.7050,22.5610
mp-aaachdij,11.5410,7.7618
mp-aaaabfru,15.1210,9.9916
mp-aaacdohh,14.6530,18.9703
mp-aaacdnze,-26.7730,-11.9723
mp-aaaabdhx,85.7960,89.8397
mp-aaabqymy,61.5960,49.9322
mp-aaabxfmg,25.0370,19.0927
mp-aaaaancv,21.0190,25.0390
mp-aaaaahxq,74.8080,71.2249
mp-aaacecgs,-0.7580,19.1339
mp-aaaaboxb,1.1350,2.9145
mp-aaabjumx,70.9920,78.3221
mp-aaacfktc,52.0740,37.0334
mp-aaaaabip,-54.9800,46.8187
mp-aaaaapge,112.9140,93.3495
mp-aaacginn,85.4590,77.0114
mp-aaaaacwa,65.5420,50.0004
mp-aaabxfyb,114.7470,98.8234
mp-aaaaaqdb,96.7790,69.5848
mp-aaaaamzy,68.3340,67.3163
mp-aaabfnph,33.7830,35.6332
mp-aaabxfvq,68.8840,69.8021
mp-aaabgqcq,10.8720,9.2908
mp-aaaabela,0.6110,11.1846
mp-aaabxgxw,59.0150,33.5959
mp-aaaaadol,70.9200,71.5865
mp-aaaaapop,27.4590,26.6760
mp-aaabjxxi,-22.5460,-10.6817
mp-aaacpqbh,52.7720,72.0456
mp-aaaaaanh,90.6790,89.7879
mp-aaacdjfn,34.7360,37.0542
mp-aaaabhhs,87.2310,45.5095
mp-aaaaaqsg,23.0710,19.2794
mp-aaabgrkp,83.4380,84.2258
mp-aaabghtv,-38.1740,31.2879
mp-aaaabtfv,8.5320,8.8645
mp-aaaaamrm,32.0870,27.7946
mp-aaaaaqel,56.9890,50.7741
mp-aaacdpwm,20.9580,22.6373
mp-aaacctew,-10.2930,19.4172
mp-aaaaabnz,12.8870,7.8859
mp-aaaaafuy,100.5660,64.2899
mp-aaabqzrk,34.5960,33.0143
mp-aaaaamcm,23.0240,29.0763
mp-aaaabhyj,26.7180,24.4426
mp-aaaaadjs,24.7760,23.7996
mp-aaabxcmc,10.5330,13.0890
mp-aaaaaawk,73.3190,73.3607
mp-aaaaarql,68.7420,66.6038
mp-aaaaatmq,45.7430,47.0820
mp-aaabxfwd,95.6920,85.6472
mp-aaaaaitn,8.2900,34.5378
mp-aaaaabwd,101.7130,94.7718
mp-aaaaakie,32.4610,39.7112
mp-aaaaaeer,49.9250,49.7811
mp-aaacesvr,43.1390,55.8789
mp-aaacdjfu,37.1100,38.9832
mp-aaaaaafv,-4.9290,0.5986
mp-aaaaagxi,46.1040,47.0816
mp-aaacgiro,73.0030,67.4334
mp-aaabfpcq,22.7820,29.0439
mp-aaaaaihb,19.6330,46.1803
mp-aaaaadrc,55.7720,42.7435
mp-aaaaaabm,19.8990,17.4221
mp-aaaaaytm,14.1570,79.8344
mp-aaabkrab,36.7870,17.1643
mp-aaabxiwv,-0.0910,10.3416
mp-aaacdnuc,13.0610,37.8189
mp-aaaabgzc,26.9620,26.5015
mp-aaacdohs,26.0140,26.8517
mp-aaaaaswk,24.7760,19.5972
mp-aaaaayco,54.9870,77.3012
mp-aaaaacgo,125.9900,98.3520
mp-aaacdpml,33.8470,-6.7465
mp-aaacdnhi,23.6820,21.4124
mp-aaaabhbr,148.2870,127.6509
mp-aaaabehd,51.4670,47.4966
mp-aaacgitl,7.4900,10.5025
mp-aaaaabpk,97.5560,86.7842
mp-aaaaakxd,52.1280,41.9227
mp-aaabrahy,24.3720,31.3194
mp-aaafhbgq,19.4340,67.1263
mp-aaacfxjn,75.5830,66.8823
mp-aaaaaifu,10.3920,46.3490
mp-aaabrbnc,35.8270,21.8741
mp-aaaaachb,26.0020,29.6319
